Fecha;BAT ChdP/MF;BAT 1BoMo;BAT 6PB;BAT 1CB;BAT 5CB;BAT 2CB;BAT 4CB;BAT 3CB;BAT 7PB;BAT 1EC;BAT 1EL;BAT 2EL;BAT 1LO;BAT 4PB;BAT 1PB;BAT 2PB;BAT 8PB;Grafico
1/6/2025;10;18;22;13;28;14;21;14;3;4;14;9;19;21;10;29;5;Pozos activos
2/6/2025;10;18;22;13;28;14;21;14;3;4;14;9;20;21;10;29;5;Pozos activos
3/6/2025;10;18;22;13;28;14;21;14;4;4;14;9;19;21;10;29;5;Pozos activos
4/6/2025;10;18;22;12;28;14;21;14;4;4;14;9;20;20;10;28;5;Pozos activos
5/6/2025;10;18;22;12;28;14;21;14;4;4;14;9;21;20;10;28;5;Pozos activos
6/6/2025;10;18;22;12;28;13;21;14;4;4;14;9;21;20;10;27;5;Pozos activos
7/6/2025;11;18;22;12;28;13;21;13;4;4;13;9;21;20;10;27;5;Pozos activos
8/6/2025;11;18;22;12;28;13;20;13;4;4;12;9;21;21;10;27;5;Pozos activos
9/6/2025;11;18;22;12;27;14;20;13;4;4;12;9;21;21;10;27;5;Pozos activos
10/6/2025;12;18;22;12;27;14;20;13;4;4;14;9;21;21;10;27;4;Pozos activos
11/6/2025;11;18;22;12;27;14;20;13;4;4;14;9;21;21;10;28;4;Pozos activos
12/6/2025;11;18;22;12;27;14;20;13;5;4;14;9;21;21;9;28;4;Pozos activos
13/6/2025;12;18;22;12;28;14;20;13;5;4;14;9;21;21;9;28;5;Pozos activos
14/6/2025;12;18;22;12;28;14;19;13;5;4;14;9;21;21;9;28;5;Pozos activos
15/6/2025;12;18;22;12;28;14;19;13;5;4;14;9;21;21;9;28;5;Pozos activos
16/6/2025;12;18;23;12;28;14;19;13;5;4;14;9;21;21;9;28;5;Pozos activos
17/6/2025;12;18;23;12;28;15;19;13;5;4;14;9;21;20;9;27;5;Pozos activos
18/6/2025;12;18;23;12;27;15;20;13;5;4;14;9;21;20;10;27;5;Pozos activos
19/6/2025;12;18;23;12;27;14;20;13;5;3;14;9;21;20;10;27;5;Pozos activos
20/6/2025;12;18;23;12;27;13;20;13;5;3;14;9;21;20;9;27;5;Pozos activos
21/6/2025;12;18;23;12;27;13;20;13;5;3;14;9;21;21;10;27;5;Pozos activos
22/6/2025;12;18;23;12;27;13;20;13;5;3;14;9;21;21;10;27;5;Pozos activos
23/6/2025;12;18;23;12;27;14;20;13;5;3;14;9;21;21;10;27;5;Pozos activos
24/6/2025;12;18;23;12;26;14;20;13;5;3;14;9;21;21;11;27;5;Pozos activos
25/6/2025;12;18;23;12;26;15;20;13;5;4;14;9;21;21;11;27;5;Pozos activos
26/6/2025;12;18;23;12;26;15;20;13;5;4;14;8;21;21;10;27;5;Pozos activos
27/6/2025;12;18;23;12;27;15;20;13;6;4;14;9;21;21;10;27;5;Pozos activos
28/6/2025;13;18;23;13;26;14;20;13;6;4;15;9;21;21;10;26;5;Pozos activos
29/6/2025;12;18;23;13;26;14;18;13;6;4;15;9;21;21;10;25;5;Pozos activos
30/6/2025;12;18;23;13;26;14;18;13;6;4;15;9;21;21;9;25;5;Pozos activos
1/7/2025;13;18;22;13;26;14;18;13;6;4;15;8;21;21;10;25;5;Pozos activos
2/7/2025;13;17;23;13;27;13;18;13;6;4;15;8;21;21;11;26;5;Pozos activos
3/7/2025;13;18;23;13;25;12;18;13;6;4;15;8;21;20;10;27;5;Pozos activos
4/7/2025;13;18;23;14;25;12;18;13;6;4;15;8;21;20;10;26;5;Pozos activos
5/7/2025;12;18;23;13;25;12;18;13;6;4;15;8;21;20;10;26;4;Pozos activos
6/7/2025;12;18;23;13;25;12;18;13;6;4;15;8;20;20;10;26;4;Pozos activos
7/7/2025;12;18;23;13;26;12;19;13;6;4;15;9;21;20;10;25;4;Pozos activos
8/7/2025;13;18;23;13;25;14;19;13;6;4;15;9;21;21;10;25;5;Pozos activos
9/7/2025;12;18;23;13;25;13;19;13;6;4;15;9;21;19;10;25;4;Pozos activos
10/7/2025;12;17;23;13;25;13;19;13;6;4;15;9;21;18;11;25;4;Pozos activos
11/7/2025;12;17;23;13;25;13;20;13;6;4;15;9;21;19;11;25;4;Pozos activos
12/7/2025;13;17;23;13;25;13;19;13;6;4;15;9;21;19;10;25;4;Pozos activos
13/7/2025;13;17;23;13;25;13;19;13;6;4;15;9;21;19;10;25;5;Pozos activos
14/7/2025;13;17;23;13;25;13;19;13;6;4;15;8;21;19;10;25;4;Pozos activos
15/7/2025;13;16;23;13;25;13;19;13;6;4;15;9;21;19;10;25;4;Pozos activos
16/7/2025;13;17;22;13;24;14;19;13;6;4;15;9;21;19;10;25;4;Pozos activos
17/7/2025;13;16;22;13;24;13;19;13;6;4;15;9;21;19;10;25;4;Pozos activos
18/7/2025;13;17;22;13;24;14;19;13;6;4;15;9;22;20;10;25;4;Pozos activos
19/7/2025;13;17;22;13;24;13;19;13;6;4;15;9;22;21;10;25;4;Pozos activos
20/7/2025;12;16;23;13;24;13;19;13;6;4;15;9;21;20;10;25;5;Pozos activos
21/7/2025;12;17;23;13;24;13;19;13;6;4;15;9;22;20;10;25;5;Pozos activos
22/7/2025;11;16;22;13;24;13;19;13;6;4;15;9;22;19;10;25;5;Pozos activos
23/7/2025;11;16;22;13;25;13;19;13;6;4;15;9;22;20;10;24;5;Pozos activos
24/7/2025;12;16;22;13;24;13;18;13;6;4;15;9;22;20;10;24;5;Pozos activos
25/7/2025;12;16;23;13;24;13;18;13;6;4;15;9;22;21;10;25;5;Pozos activos
26/7/2025;11;16;22;13;24;13;17;13;6;4;15;9;22;20;10;24;5;Pozos activos
27/7/2025;11;15;22;13;24;13;17;13;6;4;15;9;22;20;10;24;5;Pozos activos
28/7/2025;12;17;22;13;24;13;18;13;6;4;15;9;22;21;10;24;5;Pozos activos
1/6/2025;0;5.33;19.08;10.79;38.97;25.75;15.82;5.21;8.65;8.96;5.3;4.35;18.67;27.16;13.27;11.27;16.34;Perdida seco
2/6/2025;0;5.71;19.11;10.79;38.82;25.75;15.82;5.21;8.98;8.96;5.32;4.35;16.93;27.14;13.16;10.64;16.34;Perdida seco
3/6/2025;0;5.69;19.01;11.98;38.84;25.83;15.82;5.21;8.3;8.97;5.33;4.35;16.96;28;13.2;10.69;16.34;Perdida seco
4/6/2025;0;5.33;19.3;12.57;38.82;25.92;16.02;5.21;8.13;8.99;5.34;4.35;16.35;28.6;13.16;10.85;16.34;Perdida seco
5/6/2025;0;24.07;26.36;13.35;38.82;26.94;15.82;19.89;7.93;8.98;5.33;4.35;14.28;28.43;13.16;51.65;17.86;Perdida seco
6/6/2025;0;7.8;21.02;12.28;38.87;27;15.89;9.17;8.15;8.96;8.12;4.35;12.31;31.81;13.16;12.41;17.21;Perdida seco
7/6/2025;0;5.33;19.59;11.94;38.82;27.03;16.42;6.69;7.93;8.96;11.09;4.35;12.31;31.57;13.16;11.78;16.61;Perdida seco
8/6/2025;0;5.33;18.94;11.94;39.83;26.98;16.85;6.3;7.93;8.96;11.66;4.35;12.57;28.34;13.16;11.78;16.75;Perdida seco
9/6/2025;0;5.33;22.05;11.94;40.76;26.5;16.98;6.23;8.53;8.96;11.66;4.35;12.31;27.28;13.16;11.9;18.08;Perdida seco
10/6/2025;0;5.33;20.7;12.04;40.44;25.97;16.73;6.23;7.93;8.96;7.8;4.35;12.31;27.57;13.23;11.78;18.42;Perdida seco
11/6/2025;0;5.33;20.11;11.94;40.63;25.92;16.65;6.46;8.06;8.96;5.61;4.58;12.63;27.73;14.44;11.8;18.42;Perdida seco
12/6/2025;0;5.37;20.24;11.94;40.37;26;16.65;7.96;7.49;8.96;5.59;4.35;12.31;27.46;15.11;10.73;18.42;Perdida seco
13/6/2025;0;5.96;20.61;11.94;39.45;26.02;16.65;6.5;7.07;8.96;5.58;4.45;12.46;27.24;14.84;10.73;17.01;Perdida seco
14/6/2025;0;5.71;19.92;11.94;38.82;25.82;17.08;6.23;6.65;8.96;5.7;4.35;12.47;27.14;14.84;10.81;16.34;Perdida seco
15/6/2025;0;5.65;19.91;11.94;38.82;25.75;17.34;6.23;6.77;8.96;5.71;4.35;12.44;27.78;14.84;10.91;16.34;Perdida seco
16/6/2025;0;6.44;16.05;11.94;39.01;25.75;17.08;6.23;6.65;8.96;5.58;4.35;12.4;29.97;14.84;11.31;16.49;Perdida seco
17/6/2025;0;5.88;16.02;11.94;39.93;25.15;17.08;6.23;6.65;8.96;5.58;4.35;12.31;31.35;14.84;11.5;16.34;Perdida seco
18/6/2025;0;5.33;16.5;11.98;40.67;24.79;17.06;6.23;6.72;8.99;5.58;4.35;12.31;30.71;13.93;13.26;16.34;Perdida seco
19/6/2025;0;5.43;16.46;12.46;40.7;24.97;16.64;6.23;6.65;9;5.7;4.35;13.34;30.52;13.96;13.06;16.34;Perdida seco
20/6/2025;0;5.33;15.77;12.09;40.58;25.29;17.51;6.23;6.65;9;5.59;4.57;12.31;30.42;14.84;11.54;16.4;Perdida seco
21/6/2025;0;5.33;16.07;11.94;40.78;25.09;16.67;6.23;6.78;9;5.58;4.35;12.31;28.89;13.24;11.5;16.34;Perdida seco
22/6/2025;0;5.33;15.93;11.94;40.96;25.1;16.35;6.23;7.05;9;5.66;5.04;13.03;27.27;13.16;11.66;16.34;Perdida seco
23/6/2025;0;5.33;15.77;11.94;40.77;25.03;16.27;6.23;6.65;9;5.58;4.63;12.41;27.14;13.51;11.53;16.34;Perdida seco
24/6/2025;0;5.55;16.55;11.94;42.1;24.56;16.82;6.23;6.73;9;6.25;4.35;12.43;27.14;12.87;12.3;16.43;Perdida seco
25/6/2025;0;5.55;15.77;11.94;42.1;24.56;16.25;6.23;6.65;8.98;5.96;6.62;12.31;27.31;13.16;11.54;16.34;Perdida seco
26/6/2025;0;5.33;15.77;11.94;42.1;24.9;16.25;6.23;6.65;8.96;5.58;7.04;12.31;27.14;13.16;11.94;16.34;Perdida seco
27/6/2025;0;5.47;16.1;12.05;42.1;24.87;16.45;6.51;6.02;8.96;5.78;5.44;12.31;27.76;13.16;12.89;16.34;Perdida seco
28/6/2025;0;5.41;15.77;11.89;42.19;24.98;16.64;6.23;5.53;8.96;4.52;4.35;13.26;27.14;13.16;13.34;16.34;Perdida seco
29/6/2025;0;8.35;21.29;12.85;45.28;25.91;21.45;8.17;6.15;9.01;4.76;6.4;16.03;31.22;14.02;18.6;17.22;Perdida seco
30/6/2025;0;20.42;38.81;13.96;42.38;24.98;26.5;11.77;7.75;8.96;2.18;4.35;12.92;27.14;14.44;39.12;16.34;Perdida seco
1/7/2025;0;8.62;20.49;11.86;42.1;26.22;16.63;6.27;7.41;8.96;2.45;7.14;12.39;27.14;13.85;15.69;16.69;Perdida seco
2/7/2025;0;8.23;17.1;11.86;43.37;27.29;16.63;6.23;5.53;8.96;2.18;7.2;12.34;28.94;13.63;14.24;16.51;Perdida seco
3/7/2025;0;5.63;16.39;11.87;43.71;27.22;16.63;6.23;5.82;8.96;2.32;7.08;12.4;29.17;13.54;13.22;16.76;Perdida seco
4/7/2025;0;5.72;15.82;11.86;43.76;27.13;16.68;6.23;5.53;8.96;2.18;7.08;12.31;29.65;13.57;13.08;16.34;Perdida seco
5/7/2025;0;5.33;15.77;11.86;44.9;27.13;16.68;6.27;5.53;8.96;3.64;7.08;16.04;29.17;13.54;13.35;17.17;Perdida seco
6/7/2025;0;5.51;15.77;11.93;44.4;27.16;16.63;6.34;5.53;8.96;2.18;7.08;15.96;29.17;13.61;13.25;17.17;Perdida seco
7/7/2025;0;5.33;15.95;11.86;45.6;27.18;16.66;6.23;5.8;8.96;2.18;5.32;13.88;29.22;13.54;13.73;17.17;Perdida seco
8/7/2025;0;5.38;16.19;11.86;43.98;27.18;16.62;6.23;5.66;8.96;3.96;4.35;12.61;29.17;13.54;13.25;17.16;Perdida seco
9/7/2025;0;6.13;15.77;11.86;43.38;26.89;16.62;6.23;5.53;8.97;2.93;4.46;12.31;31.73;13.54;13;17.17;Perdida seco
10/7/2025;0;8.37;16.01;11.86;43.2;26.7;16.62;6.23;6.12;8.96;2.19;4.35;12.45;33.07;14.19;13;17.17;Perdida seco
11/7/2025;0;7.75;16.7;11.86;43.2;26.7;16.62;6.23;5.74;8.96;2.18;4.35;12.31;32.27;14.58;13;17.17;Perdida seco
12/7/2025;0;9.23;15.77;11.86;43.32;26.78;16.77;6.23;5.53;8.96;2.18;4.35;12.31;32.15;14.25;13.03;17.17;Perdida seco
13/7/2025;0;7.75;17.68;11.86;43.29;26.71;16.62;6.23;5.53;8.96;2.23;4.45;12.31;31.46;13.94;13.44;17.17;Perdida seco
14/7/2025;0;11.42;19.31;12.07;44.31;26.7;16.91;6.23;5.61;8.96;2.46;7.08;12.57;31.46;13.94;13;17.17;Perdida seco
15/7/2025;0;11.51;18.76;11.86;44.53;26.73;16.71;6.23;5.67;8.96;2.18;5.43;12.31;31.46;13.94;13;17.17;Perdida seco
16/7/2025;0;11.23;18.77;11.94;44.38;27.41;17.1;6.23;5.53;8.96;2.18;4.35;12.31;31.46;13.98;13;17.35;Perdida seco
17/7/2025;0;11.42;18.77;11.86;44.53;26.71;16.72;6.23;5.53;8.96;2.26;4.85;12.31;31.67;14.15;13.2;17.17;Perdida seco
18/7/2025;0;9.67;18.77;11.91;44.62;26.63;16.88;6.23;5.53;8.96;2.26;4.91;13.46;30.42;13.94;13;17.17;Perdida seco
19/7/2025;0;9.62;18.77;11.86;44.44;26.63;16.62;6.23;5.53;8.96;2.18;4.35;12.31;29.47;13.94;13;17.17;Perdida seco
20/7/2025;0;9.62;17.02;11.86;44.31;26.63;16.62;6.23;5.53;8.96;2.44;4.35;12.31;29.17;13.94;13;17.05;Perdida seco
21/7/2025;0;11.65;20.26;12.55;46.78;27.11;18.46;7.96;6.08;9;4.14;5.68;12.93;33.49;14.51;17.06;15.82;Perdida seco
22/7/2025;0;9.62;19.09;11.86;44.5;26.65;16.72;6.7;5.53;8.96;2.44;4.35;9.84;33.96;13.97;13.25;15.14;Perdida seco
23/7/2025;0;9.62;19.23;11.86;45.2;26.79;20.5;7.79;5.53;8.96;2.18;4.35;10.73;33.8;14.07;14;14.71;Perdida seco
24/7/2025;0;9.74;18.9;11.86;44.58;26.74;18.16;6.23;5.6;8.96;2.18;4.35;10.44;32.29;14.02;14.21;14.45;Perdida seco
25/7/2025;0;9.62;19.72;11.86;44.31;26.76;20.42;6.23;5.64;8.96;2.18;4.35;10.13;31.29;13.94;14;14.45;Perdida seco
26/7/2025;0;9.62;18.63;12.08;44.31;26.63;20.06;6.23;5.53;8.96;2.18;4.35;9.84;31.28;13.94;14.95;14.71;Perdida seco
27/7/2025;0;10.46;18.89;11.86;44.31;26.73;19.9;6.23;5.53;8.96;5.15;4.35;13.86;31.38;13.94;14;14.45;Perdida seco
28/7/2025;0;9.31;20.97;11.86;44.77;26.75;20.11;7.15;5.53;8.96;3.03;4.35;12.69;28.85;13.94;14;14.45;Perdida seco
29/7/2025;0;8.66;20.86;12.01;44.38;26.87;19.15;6.23;5.53;8.96;2.18;4.35;10.45;27.6;13.94;15.57;14.45;Perdida seco
1/6/2025;0;36.5;392.47;458.5;1340.85;1133.35;646.47;179.65;222.16;345.23;74.88;59.48;258.45;823.78;644.4;221.82;204.06;Perdida bruta
2/6/2025;0;41.39;391.07;458.5;1333.53;1133.1;646.47;179.65;230.49;345.23;75.36;59.48;248.82;822.95;638.9;213.76;204.06;Perdida bruta
3/6/2025;0;40.11;392.25;485.83;1334.67;1135.38;646.47;179.65;219.29;345.39;75.76;59.48;247.99;844.45;640.73;214.26;204.06;Perdida bruta
4/6/2025;0;36.5;391.64;499.5;1333.53;1137.35;649.19;179.65;221.17;345.55;76.28;59.48;243.26;857.31;638.9;219.46;204.06;Perdida bruta
5/6/2025;0;194.63;501.6;619.19;1333.53;1163.46;646.47;459.27;216.17;349.21;75.76;59.48;246.53;855.2;638.9;666.15;214.27;Perdida bruta
6/6/2025;0;53.3;410.9;575.89;1334.02;1163.35;647.81;315.51;221.67;345.23;86.83;59.48;228.67;858;638.9;248.45;209.89;Perdida bruta
7/6/2025;0;36.5;408.23;534.9;1333.53;1164.89;666.84;290.71;216.17;345.23;95.46;59.48;228.67;851.95;638.9;226.95;210.68;Perdida bruta
8/6/2025;0;36.5;390.44;534.9;1353.88;1163.69;675.97;289.41;216.17;345.23;97.23;59.48;232.65;830.8;638.9;226.95;214.39;Perdida bruta
9/6/2025;0;36.5;401.69;534.9;1364.76;1147.09;679.95;288.61;231.17;345.23;97.23;59.48;228.67;827.38;638.9;228.61;215.73;Perdida bruta
10/6/2025;0;36.5;389.92;537.13;1366.01;1137.02;675.98;288.61;216.17;345.23;74.13;59.48;228.67;826.67;640.61;226.95;218.06;Perdida bruta
11/6/2025;0;36.5;385.2;534.9;1367.95;1133.52;674.57;289.66;219.5;345.23;62.38;60.54;232.4;826.14;657.36;221.12;218.06;Perdida bruta
12/6/2025;0;37.29;387.56;534.9;1365.76;1136.24;674.57;314.85;192.59;345.23;61.83;59.48;228.67;830.51;673.52;214.65;218.06;Perdida bruta
13/6/2025;0;44.54;398.11;534.9;1346.25;1136.02;674.57;297.47;171.67;345.23;61.5;59.76;229.7;824.37;662.9;214.65;208.55;Perdida bruta
14/6/2025;0;38.84;384.74;534.9;1333.53;1133.26;752.26;288.61;161.17;345.23;61.95;59.48;229.67;822.95;662.9;217.08;204.06;Perdida bruta
15/6/2025;0;38.8;384.74;534.9;1333.53;1133.1;754.13;288.61;165.13;345.23;62.5;59.48;230.66;828.47;662.9;218.33;204.06;Perdida bruta
16/6/2025;0;44.55;371.58;534.9;1337.36;1133.1;752.26;288.61;161.17;345.23;61.5;59.48;229.01;847.96;662.9;232.8;205.52;Perdida bruta
17/6/2025;0;40.52;373.28;534.9;1352.75;1097.77;752.26;288.61;161.17;345.23;61.5;59.48;228.67;857.59;662.9;238.85;204.06;Perdida bruta
18/6/2025;0;36.5;388.62;535.73;1367.27;1077.47;741.31;288.61;162.84;364.19;61.5;59.48;228.67;856.22;649.9;260.78;204.06;Perdida bruta
19/6/2025;0;37.72;383.84;546.86;1368.81;1081.13;729.67;288.61;161.17;370.23;61.95;59.48;242.71;853.37;630.9;258.78;204.06;Perdida bruta
20/6/2025;0;36.5;369.74;538.32;1365.65;1094.61;735.13;288.61;161.17;370.23;61.96;59.88;228.67;851.95;662.9;239.36;204.61;Perdida bruta
21/6/2025;0;36.5;370.68;534.9;1367.47;1089.61;731.54;288.61;164.5;370.23;61.5;59.48;228.67;838.42;640.78;238.85;204.06;Perdida bruta
22/6/2025;0;36.5;370.74;534.9;1373.28;1088.51;727.06;288.61;171.17;370.23;62.13;62.66;231.22;826.31;638.9;240.25;204.06;Perdida bruta
23/6/2025;0;36.5;369.74;534.9;1372.11;1088.59;724.53;288.61;161.17;370.23;61.5;60.8;236.02;822.95;643.9;240.62;204.06;Perdida bruta
24/6/2025;0;37.26;374.83;534.9;1396.17;1078.58;735.95;288.61;164.61;370.23;66.02;59.48;237.49;822.95;629.18;247.8;204.89;Perdida bruta
25/6/2025;0;38.48;369.74;534.9;1396.17;1075.84;724.16;288.61;161.17;355.13;64.03;76.83;228.67;826.31;638.9;239.36;204.06;Perdida bruta
26/6/2025;0;36.5;369.74;534.9;1396.17;1081.35;724.16;288.61;161.17;345.23;61.5;80.26;228.67;822.95;638.9;244.68;204.06;Perdida bruta
27/6/2025;0;38.28;372.49;537.46;1396.17;1079;727.32;297.88;159.93;345.23;63;67.88;228.67;830.52;638.9;256.21;204.06;Perdida bruta
28/6/2025;0;38.9;369.74;518.73;1400.72;1081.13;730.86;288.61;158.97;345.23;58.18;59.48;244.66;822.95;638.9;262.2;204.06;Perdida bruta
29/6/2025;0;62.46;431.41;538.13;1451.36;1096.57;804.96;318.05;171.83;353.85;66.05;69.23;254.4;868.3;661.83;317.45;212.04;Perdida bruta
30/6/2025;0;162.1;636.29;593.1;1397.16;1081.13;909.26;372.75;199.8;345.23;50.88;59.48;242.88;822.95;702.63;531.55;204.06;Perdida bruta
1/7/2025;0;56.27;411.68;507.17;1396.17;1100.63;730.98;288.85;193.15;345.23;52.32;72.48;235.21;822.95;673.42;283.3;206.39;Perdida bruta
2/7/2025;0;60.61;383.99;507.17;1435.58;1122.2;730.98;288.61;158.97;345.23;50.88;73.09;230.88;845.05;662.74;270.82;205.23;Perdida bruta
3/7/2025;0;38.7;373.74;507.4;1445.93;1117.88;730.98;288.61;165.1;345.23;51.32;72.19;228.99;848.29;666.24;260.66;207.85;Perdida bruta
4/7/2025;0;43.88;369.95;507.17;1450.59;1115.38;731.67;288.61;158.97;345.23;50.88;72.19;228.67;855.41;667.4;259.23;204.06;Perdida bruta
5/7/2025;0;36.5;369.74;507.17;1453.75;1115.38;731.49;289.37;158.97;345.23;56.31;72.19;259.15;848.29;666.24;262.13;224.71;Perdida bruta
6/7/2025;0;37.38;369.74;508.88;1434.15;1116.22;730.98;291.38;158.97;345.23;50.88;72.19;253.27;848.29;667.24;288.23;224.71;Perdida bruta
7/7/2025;0;36.5;371.93;507.17;1427.63;1116.63;731.05;288.61;165.8;345.23;50.88;64.04;239.23;849.63;666.24;296.91;224.71;Perdida bruta
8/7/2025;0;36.87;372.16;507.17;1414.59;1116.77;730;288.61;162.3;345.23;60.36;59.48;230.73;848.29;666.24;300.01;224.71;Perdida bruta
9/7/2025;0;52.36;369.74;507.17;1404.35;1110.59;730;288.61;158.97;351.69;53.79;60.01;228.67;894.83;666.24;291.5;224.71;Perdida bruta
10/7/2025;0;69.63;370.19;507.17;1403.27;1106.85;730;288.61;172.64;345.23;51.23;59.48;229.21;914.77;698.68;291.5;224.71;Perdida bruta
11/7/2025;0;58.95;381.77;507.17;1403.27;1106.85;730;288.61;160.05;345.23;50.73;59.48;228.67;898.63;707.42;292.2;224.71;Perdida bruta
12/7/2025;0;67.64;369.74;507.17;1404.21;1107.04;733.13;288.61;158.97;345.23;50.82;59.48;228.67;890.15;696.41;293.27;224.71;Perdida bruta
13/7/2025;0;58.95;412.86;507.17;1404.81;1109.34;730;288.61;158.97;345.23;51.3;59.76;228.67;882.48;685.97;297.12;224.71;Perdida bruta
14/7/2025;0;78.81;443.42;511.74;1424.27;1106.85;736.25;288.61;161.72;345.23;51.77;72.19;232.65;882.48;685.97;291.5;224.71;Perdida bruta
15/7/2025;0;75.26;436.46;507.17;1429.7;1107.57;731.25;288.61;162.31;345.23;50.88;64.51;228.67;882.48;685.97;291.5;224.71;Perdida bruta
16/7/2025;0;72.93;436.74;508.83;1426.11;1158.66;739.67;288.61;158.97;345.23;50.88;59.48;228.67;882.48;687.35;291.5;225.4;Perdida bruta
17/7/2025;0;74.41;436.74;507.17;1433.64;1147.48;733.26;288.61;158.97;345.23;51.26;60.89;228.67;884.1;693.04;294.36;224.71;Perdida bruta
18/7/2025;0;58.86;436.74;509.73;1429.61;1146.15;740.03;288.61;158.97;345.23;51.26;61.85;234.17;867.12;685.97;291.5;224.71;Perdida bruta
19/7/2025;0;55.23;436.74;507.17;1430.96;1146.15;730;288.61;158.97;345.23;50.88;59.48;228.68;852.99;685.97;291.5;224.71;Perdida bruta
20/7/2025;0;55.23;397.66;507.17;1424.27;1146.15;730;288.61;158.97;345.23;52.4;59.48;228.67;848.29;685.97;291.5;224.05;Perdida bruta
21/7/2025;0;73.75;416.24;529.97;1475.49;1153.75;762.18;313.1;168.93;351.8;62.31;65.48;206.7;900.57;699.18;332.9;217.59;Perdida bruta
22/7/2025;0;55.23;445.32;507.17;1430.82;1148.53;731.38;294.28;158.97;345.23;52.88;59.48;179.35;900.25;687.13;293.79;213.38;Perdida bruta
23/7/2025;0;55.23;449.23;507.17;1443.68;1151.87;790.19;312.22;158.97;345.23;50.88;59.48;186.16;899.25;690.33;329.94;210.46;Perdida bruta
24/7/2025;0;55.74;439.95;507.17;1429.12;1151.64;761.33;288.61;160.64;346.27;50.88;59.48;182.3;881.62;688.72;332.07;208.71;Perdida bruta
25/7/2025;0;55.23;415.94;508.33;1424.27;1148.69;789.95;288.61;162.02;345.23;50.88;59.48;185.1;868.96;685.97;329.94;208.71;Perdida bruta
26/7/2025;0;55.23;387.54;512.3;1424.27;1146.15;787.93;288.61;158.97;345.23;50.88;59.48;179.35;868.95;685.97;340.02;210.46;Perdida bruta
27/7/2025;0;78.33;388.15;507.17;1424.27;1148.65;785.1;288.61;158.97;345.23;60.17;59.48;210.01;869.76;685.97;329.94;208.71;Perdida bruta
28/7/2025;0;57.91;450.82;507.17;1432.36;1148.43;787.48;308.2;158.97;345.23;53.54;59.48;208.71;841.93;685.97;329.94;208.71;Perdida bruta
29/7/2025;0;49.51;448.54;508.66;1426.35;1150.53;771.6;288.61;158.97;345.23;50.88;59.48;191.69;825.97;685.97;347.99;208.71;Perdida bruta
1/6/2025;22.31283707;26.38737811;42.76190412;13.96671526;34.53744806;12.00800208;22.35646352;19.85771818;3.050420597;1.194233841;17.36861716;18.12095417;28.00703259;44.23423649;7.195211843;45.85737746;10.44280322;Seco
2/6/2025;24.37451107;24.21185679;41.00155734;13.51369299;34.89585291;10.337867;23.35583407;20.56433045;2.951442756;1.357285713;19.4200532;19.48594398;28.72377509;44.86836763;8.271124043;42.87844877;8.339503883;Seco
3/6/2025;22.80295493;28.48942357;45.77049029;13.52159069;35.68664093;10.4472827;23.90208953;21.11165348;4.625271721;0.543754483;18.28887639;18.75459134;28.72631429;39.11501447;8.451600326;44.56351517;8.566567103;Seco
4/6/2025;20.54245215;22.19085417;36.10074568;11.97336598;31.12373227;7.825297934;21.13386733;19.60644981;4.332763659;0.482973592;20.86579055;17.85248565;29.93030883;42.99901861;7.623058018;37.41479782;7.497994252;Seco
5/6/2025;17.30592451;9.664558351;29.42600109;10.07736621;30.32580195;9.326096975;21.96835573;9.00210785;4.368393165;0.53930034;20.25291335;17.78909465;27.46152831;33.05949745;7.058167953;11.35553809;6.505476418;Seco
6/6/2025;21.65475199;31.26148245;50.37076968;14.42002058;35.47173855;7.648415244;24.37031739;18.53370907;4.865723531;0.603051089;17.25538553;17.71363079;27.48011707;36.65711733;8.674730428;43.38226859;7.995383641;Seco
7/6/2025;21.87705977;29.24034919;47.84679596;15.69935245;35.97129815;8.731456325;24.27344424;21.2348854;5.122848399;0.649207506;19.33893287;22.9343017;28.05858905;37.38466294;8.804791254;44.44259083;8.640585358;Seco
8/6/2025;25.19682194;34.91293608;57.03921165;16.96020911;37.95856346;9.568304522;26.42972277;23.36989383;5.580483617;0.589515283;17.51878846;18.83211497;28.99572127;43.57079945;9.549909676;48.18164969;9.320162955;Seco
9/6/2025;24.04418298;28.12349657;42.27254593;11.98977178;35.5057871;8.920139376;24.3381663;20.84827425;4.516102361;0.55852046;18.20702679;20.22884196;34.50705317;40.50494328;8.651507941;43.74472483;7.214658465;Seco
10/6/2025;23.88676237;27.32886456;43.73973125;12.99940351;35.03264357;9.526984198;24.17820131;20.25453283;4.954541326;0.529889133;20.01513483;17.40858914;34.73965714;39.60673341;8.434689335;43.08202934;6.788313032;Seco
11/6/2025;24.69361428;27.24829623;45.3324051;13.89250329;35.01651383;9.239883551;24.35806666;20.14642623;4.862649492;0.540127994;22.54949155;15.5944567;34.72022492;39.62039099;7.442596038;43.78331834;6.818112882;Seco
12/6/2025;24.98922961;25.7265111;43.21330677;11.83417452;35.1093934;9.048294082;24.21817212;18.68709224;4.454108221;0.545592927;21.06243932;18.56791284;38.60855329;39.7587868;6.834935501;44.52256074;6.797327535;Seco
13/6/2025;24.84268845;24.45459228;41.81296797;11.27276243;35.96242966;7.908714205;23.62891056;19.51711135;5.660572122;0.553272558;23.31294007;19.23270079;36.87443287;39.68541857;7.033931764;44.31200516;7.971238713;Seco
14/6/2025;24.89521325;24.39516567;42.12008932;11.62368878;36.32423653;7.897587008;23.10763515;19.6265543;5.985653243;0.542855253;22.15816262;20.16674523;35.90654601;39.50557813;6.983624749;43.92594781;8.489308055;Seco
15/6/2025;24.96083835;25.0469263;43.95830807;12.63129023;36.4617826;7.91633581;22.97384349;19.71480741;5.904273434;0.573742489;21.80459591;19.39354138;34.83226535;39.15347259;7.003350608;44.05062636;8.521586847;Seco
16/6/2025;24.2512324;22.27164751;42.03351075;10.20717829;35.90422939;7.860510374;22.99312794;19.54090826;5.957670117;0.628690625;26.72822015;21.50801004;35.84665531;36.945279;6.957927569;43.28494904;8.319368667;Seco
17/6/2025;24.38411664;26.00536168;49.00112792;12.04294204;35.29066519;8.268943463;23.07413543;19.59923096;5.973422476;0.580844193;20.90214932;19.94858892;33.2210254;35.90094985;6.98121695;42.81591139;8.476066371;Seco
18/6/2025;24.84130822;27.71537807;46.2446795;12.30064751;34.54283798;8.468758579;22.94192472;19.5453674;5.901081367;0.541988846;24.25320397;19.22291405;34.24032966;36.31431255;7.715003201;40.27685973;8.447552485;Seco
19/6/2025;24.39149954;27.31033462;45.05447837;12.23903082;39.5572744;8.274326574;21.96042875;19.40896263;5.916974745;0.470615976;21.63832147;19.41093077;38.8142443;36.21954495;7.657761503;40.84463712;8.400775862;Seco
20/6/2025;25.57146276;27.78324719;44.1081122;14.36655261;34.74800367;8.100471127;21.26018812;19.66124897;5.987836758;0.592979432;22.42877188;19.78691602;38.4623742;36.79178276;6.99235038;42.73526215;8.445214579;Seco
21/6/2025;24.91400914;29.28259712;46.17938722;12.91550922;34.39033177;8.255160434;22.10976907;19.6046628;5.849654272;0.501419378;21.5630785;19.44278167;37.76324519;37.92845599;8.310927724;42.57417463;8.452990869;Seco
22/6/2025;24.7191749;26.01191618;40.82069764;11.82349657;34.32100444;8.31632626;22.4355156;19.67843284;5.641345117;0.56454244;22.95077696;20.12332585;39.47950542;39.32720941;8.404095233;42.54212038;8.498561993;Seco
23/6/2025;25.64382077;28.14006823;44.38543558;10.89782019;33.50525812;8.703844299;22.37415257;19.54133728;5.92490629;0.529393931;22.9401759;19.38148928;38.25329007;39.11771099;8.030002899;43.10546378;8.39431657;Seco
24/6/2025;25.42076466;33.05345153;51.86433729;12.85008321;32.31418691;8.942906127;22.10966882;19.64989692;5.887406925;0.523864044;18.17865925;16.4919961;34.87915409;39.33099902;8.629634825;42.83800646;8.363253665;Seco
25/6/2025;25.38226677;30.57486433;56.94453353;14.18438822;32.41147318;8.970547418;22.64002758;19.70385353;5.973296793;0.530797865;19.89085155;13.78203096;32.55498798;39.34419345;8.387823181;43.65893057;8.474402939;Seco
26/6/2025;25.13036353;34.46501202;54.24040981;12.98677356;32.80124753;8.84046091;22.93457799;19.80340106;6.08248815;0.425776327;21.01219696;15.26561131;33.15522739;40.17028347;8.54831014;44.42743765;8.633333971;Seco
27/6/2025;26.75800155;34.93071963;56.97413574;12.34742578;34.20987325;9.244845113;23.70153522;20.42789935;6.910446742;0.645986727;22.00342715;19.47712011;38.97512902;41.38518441;8.924668342;45.5357531;8.997993199;Seco
28/6/2025;24.09969964;27.70825251;47.80922113;13.74819494;32.48276053;8.681445175;22.42091137;19.64386685;6.996924035;0.618240831;24.68484285;19.864962;37.03256875;39.86212888;8.480328377;42.88214366;8.559167373;Seco
29/6/2025;21.77954068;27.86509708;41.07627901;10.10988602;31.36338516;8.375471244;19.2799993;18.90425088;6.825178813;0.600672463;24.12199729;19.79046804;38.37581931;38.37735357;8.167784914;40.92263125;8.244552072;Seco
30/6/2025;22.55092568;14.54568715;30.84120488;11.50777942;41.23631928;10.72277689;17.28429874;18.88221309;4.39496639;0.603190942;33.59388338;23.12735106;43.1296225;53.28758177;9.116416;19.46089;11.68883487;Seco
1/7/2025;23.13893529;23.45407925;45.51471735;12.75389745;30.76806167;7.12862594;24.16040335;19.93451924;7.094285169;0.567444761;26.23932836;14.84010057;35.98085874;38.12992944;7.301573736;38.69143462;7.931122055;Seco
2/7/2025;22.80096533;26.98332372;49.64107997;14.04618303;30.33429445;6.491542522;21.65635699;18.98915237;6.759366512;0.535180119;20.82844935;14.10341025;31.91819609;37.02237394;7.806886841;44.45106707;8.126476484;Seco
3/7/2025;23.83130511;28.23159253;48.0206713;14.42656125;30.82807376;6.706136582;22.17875777;19.48906383;4.81487062;0.557650731;25.35654844;17.84678188;35.26380495;39.53313156;8.732856345;42.40301399;4.896647761;Seco
4/7/2025;23.67598744;28.50539625;48.03256734;15.43741545;31.22084322;6.87069384;22.47983888;19.7630238;7.027676419;0.599546383;26.96497636;19.39666705;34.91470733;37.92933309;8.37904308;43.30551955;8.59780565;Seco
5/7/2025;22.74062184;28.33406947;49.05746492;16.19123601;30.10641733;6.895023274;22.3721311;19.66897396;8.632293276;0.5953465;21.12231616;18.30729608;37.6221094;38.20201808;8.201145127;42.93419826;10.88356496;Seco
6/7/2025;22.47024015;32.56452426;54.43854193;17.75107348;31.66432426;7.080457531;23.24520992;20.29004247;7.25503195;0.555412262;25.69870352;17.48438661;33.55674572;31.48977613;8.401118849;44.5200232;8.144096611;Seco
7/7/2025;23.945276;31.02746991;53.17047286;14.73795652;30.16574372;6.934570096;22.84800648;20.03230157;6.884242565;0.428592166;23.93579315;18.93880968;34.35658993;38.78526056;8.310696718;43.60786483;8.007072328;Seco
8/7/2025;22.53361567;27.02042382;46.97066165;16.45699022;31.39438236;6.81365224;22.65615232;19.03006811;6.89066946;0.529530034;27.88256215;18.8897347;36.49237638;38.24566105;8.095557295;42.95832158;7.861904514;Seco
9/7/2025;22.14625249;33.41225465;54.95181396;16.4836096;31.83830974;7.022798218;22.61092532;18.97299145;6.968013289;0.470119181;22.13169437;16.3562213;30.79989968;35.73647134;8.113625809;42.97199655;7.817660276;Seco
10/7/2025;22.28491172;33.09466385;60.2537295;14.04627163;32.19157988;7.298935529;22.98549275;19.30390632;6.57550761;0.451309274;19.74037298;16.4296246;31.94170412;35.31193569;7.716729931;43.76348825;7.96856918;Seco
11/7/2025;22.28104525;25.26313792;48.21607251;16.63260422;32.6271751;7.409763819;23.23227515;19.54793515;6.99491284;0.60485324;25.60508182;21.29206061;37.78404979;36.41784774;7.463121102;44.23901425;8.059651499;Seco
12/7/2025;22.3569853;24.0938661;48.8284274;16.97566043;32.18301716;7.288307116;22.80957225;22.4876667;7.07709799;0.564439182;23.04935078;20.80944339;41.78994881;36.02647463;7.644151104;43.65613766;7.934195593;Seco
13/7/2025;23.38505352;25.90303582;48.88321844;15.27250628;32.30753761;7.360562867;23.10886698;19.38530394;7.125156813;0.586593487;24.99262572;20.28987561;39.24738087;36.87187968;7.283925127;43.59626836;8.002184627;Seco
14/7/2025;23.98972887;25.89211892;57.29505828;16.08384302;32.04363848;7.478051137;23.2241123;19.71326888;7.178486271;0.500512824;21.66798259;15.79588683;33.9932308;37.42925752;8.104071043;44.62467793;8.134617873;Seco
15/7/2025;25.51030963;24.20646784;44.83660686;13.35980622;30.03451651;6.920528603;21.99166532;18.54187709;10.62831268;0.566152239;23.41482525;19.98634591;40.17077136;35.04879338;6.668148205;42.05726347;14.0494723;Seco
16/7/2025;25.49258116;22.76501814;41.47230161;14.9094431;35.38937324;6.742781496;24.11060417;19.41725973;7.205365166;0.502957188;23.4056091;19.04261478;35.81330451;36.8412908;7.948239604;49.10937128;7.929818469;Seco
17/7/2025;25.65741894;20.50504514;40.37901;12.13070442;32.33710174;7.773187668;24.14224622;23.88786167;6.395785955;0.536838715;21.3437328;20.38118237;37.31583154;43.41572155;6.772701993;47.10556444;8.429866455;Seco
18/7/2025;24.96553649;27.72279665;48.80888318;11.55280136;29.58931647;7.360740535;22.21220326;19.4081459;7.075221108;0.567000845;27.10343448;19.39514536;36.00425912;37.48760422;7.911355244;43.62973302;7.942515129;Seco
19/7/2025;25.30041518;28.69672891;50.07038101;13.23671587;29.50528967;7.298918954;22.2585986;19.32951005;7.017018513;0.517613619;20.6910976;20.42369066;36.04740504;37.98127363;7.845835095;43.27278676;7.876401585;Seco
20/7/2025;25.40360098;26.94692524;49.5578705;11.89161628;29.41142799;7.249696581;22.10828373;19.11585708;6.969293649;0.535613539;24.42451955;19.90237155;37.9714647;37.9836822;7.792829724;42.97624755;7.923589073;Seco
21/7/2025;24.09917975;25.32413923;49.37882813;12.98472867;36.84820327;6.519830574;24.27011453;23.60645238;7.376944017;0.41090988;17.7399892;18.90968927;27.28987644;32.82598489;7.044106808;36.07631949;8.661024369;Seco
22/7/2025;22.6451795;27.27694589;48.17476187;9.820429019;28.8963103;6.919650483;20.19301757;16.95393217;6.927185047;0.568530242;28.93197861;24.32498535;36.80212768;32.18019252;7.468569253;45.3699533;9.230805988;Seco
23/7/2025;22.63484887;29.21602906;53.88995866;12.06132662;30.35613577;7.366958045;19.35321603;18.70443452;7.218160103;0.563752732;21.67567289;21.19689544;31.12953162;35.19020337;7.957757037;43.50165074;10.25677439;Seco
24/7/2025;22.57739012;25.21584226;46.51462634;13.84778453;30.43680561;7.310388465;21.10201175;19.78286341;7.06256413;0.585430175;25.64928926;23.52570049;34.1096365;36.10588106;7.894814686;42.87541073;10.35968336;Seco
25/7/2025;22.22641548;26.33173156;48.24224771;13.74547613;30.03659331;7.131298578;18.78535932;19.58151585;6.863348973;0.569710439;23.59356881;22.86052594;34.98486876;36.59531431;7.795275301;42.14051468;10.12894065;Seco
26/7/2025;21.85898953;17.01805006;34.11674073;12.3020596;32.6542664;7.912852348;20.84231139;21.19036532;7.6004795;0.704354663;28.07091352;26.39423936;35.73082022;39.66263468;8.491160687;45.31309009;10.81847721;Seco
27/7/2025;21.82418919;18.97051469;35.2110891;12.60895557;32.78634166;7.854246855;21.0142828;21.29825788;7.634852065;0.594245731;21.81605858;26.26936534;34.59741978;39.53724174;8.540618049;46.12798302;11.10522811;Seco
28/7/2025;23.03591626;19.5938693;34.39976995;10.7910793;32.45487228;7.765488519;20.569475;19.65657967;7.545834189;0.544276288;26.25195865;24.33493516;34.83268272;41.37024219;8.426350693;45.583201;10.96675462;Seco
1/6/2025;206.2238217;330.1188175;596.8351357;477.6051497;692.3658869;226.3310495;511.7309441;488.683434;59.79108116;101.5092573;121.9292704;113.7807421;269.1360119;570.2583547;212.650865;605.6414108;96.41545412;Bruta
2/6/2025;206.1734103;299.4760624;574.4860294;453.7226203;705.0416813;226.723538;504.8644518;495.7094064;52.81382885;99.99422014;128.2120878;115.6069068;251.628186;571.5857178;217.9249946;602.0478206;110.3970498;Bruta
3/6/2025;215.902261;345.6900101;621.0026484;451.0319395;708.6246659;220.211443;514.5870135;501.3113152;56.94634626;96.39996567;133.2429243;117.0171138;264.3340117;574.6992681;199.3108199;600.0341393;103.3510841;Bruta
4/6/2025;189.767984;314.2654423;574.2840761;424.5480406;710.8671522;204.827273;513.8891614;507.3723756;49.3546225;95.34925313;130.4147851;108.6930296;256.8091419;539.1777762;203.5013556;608.7203385;100.4543891;Bruta
5/6/2025;192.1330789;126.8890484;387.6912195;233.2019934;614.0321919;183.5242641;519.3907528;194.3548123;62.123178;90.95156648;123.9550418;96.45608384;232.2544211;440.1745717;168.2454562;216.2271299;94.60981541;Bruta
6/6/2025;316.5177147;355.7195622;635.9630963;356.3714536;769.7134182;187.9456987;480.3367602;369.2732417;57.02710246;103.407652;110.8686096;99.36969452;275.1407506;629.5107142;199.7838334;563.4070981;87.52600722;Bruta
7/6/2025;210.4632035;328.3803547;593.0506047;429.5239661;722.0533075;186.98675;495.4748828;432.9401563;64.18303361;94.08858635;111.9436227;106.4441249;268.6065785;558.5138987;212.7968999;628.6394984;105.9445942;Bruta
8/6/2025;226.8575328;312.3888243;571.1979334;417.1700273;695.9935399;181.8261066;481.8982086;396.2925746;59.92536684;105.6712792;124.0623209;109.8601423;287.8780044;581.8954765;201.7348158;592.1508609;83.6498763;Bruta
9/6/2025;216.3342654;319.1074819;554.8597666;382.0499295;669.5976619;203.8043606;472.9941483;409.889547;54.54545442;92.72794336;117.7748774;118.086382;268.0751183;590.3143148;178.8632636;568.5930993;77.70835013;Bruta
10/6/2025;221.3183501;322.1838071;593.0576665;419.139262;675.3969134;233.4014438;482.8524869;410.0809178;65.59718978;96.308534;141.1587955;102.2069255;267.0717842;610.9499243;168.4596382;627.9728023;70.03380231;Bruta
11/6/2025;207.6960048;316.4703152;584.3611731;431.0301038;668.5019402;248.2467737;485.8540422;419.9983572;60.80776193;98.64783743;160.0541758;91.5785509;265.3281449;606.3154624;189.8377075;588.1916936;80.70934852;Bruta
12/6/2025;219.6122465;306.5076425;567.9944286;389.8338871;653.3744901;228.2046197;498.1586059;383.8053259;78.79806091;98.10247041;145.4291579;105.8687426;289.0973577;560.5744838;170.8765336;583.193081;73.51212496;Bruta
13/6/2025;213.9967581;312.3144194;591.8025848;395.5015795;665.6902107;227.896635;484.8032439;395.3595524;91.14231551;96.05159814;157.9469107;107.9064975;269.9168994;597.7290081;135.3598075;623.8474955;86.64406996;Bruta
14/6/2025;242.4065778;298.7860151;567.7924854;380.6856003;659.0419574;232.8448329;471.081034;407.0490675;105.1950455;96.97668077;152.9867206;115.6720226;272.2415251;567.8061273;183.7265845;598.8900026;84.08248362;Bruta
15/6/2025;193.6693963;302.5114796;582.0615451;407.7788697;693.9708081;229.1098874;474.8842017;408.6250894;102.1352294;100.7374165;141.086429;121.2247558;261.9433625;594.0155512;181.6610442;597.503574;90.76579827;Bruta
16/6/2025;227.473547;297.153323;587.7429166;388.1076012;696.0160733;234.1709581;468.0173106;402.4489032;101.6220606;91.00662306;153.605148;105.0468321;276.4050175;552.2896989;189.9779571;581.4811934;82.38172891;Bruta
17/6/2025;243.1061458;303.5426649;603.672841;411.0560906;687.457923;274.2397782;480.9306283;421.0302751;122.0362625;97.78259343;135.8224434;107.0046919;290.0024508;579.1423751;129.695427;611.8641221;85.34345579;Bruta
18/6/2025;243.6868422;275.7326793;550.4954877;401.8688589;687.6287331;311.4390944;485.6932925;420.5873855;136.2196344;75.93659942;163.8524383;109.498483;247.3809198;559.3358036;157.7407941;558.0815549;88.04327421;Bruta
19/6/2025;223.5826109;278.0929779;571.3013799;389.9976527;680.9824261;275.5895983;499.8498014;409.7947114;135.5484742;68.74270035;164.8394025;119.9429099;291.4071613;565.9580546;177.816624;582.9206952;101.5065342;Bruta
20/6/2025;224.4041138;305.7785193;610.220347;368.7254023;683.6936979;284.0123057;490.2383604;392.727961;129.7538638;78.55633347;148.9635853;112.2112228;275.6155676;580.0465946;187.7467055;556.8450466;67.63566003;Bruta
21/6/2025;218.7795411;297.7110432;589.9051918;410.4691919;663.3081748;264.7494395;497.4816408;412.8532931;132.8377457;69.60339643;151.8452394;112.153197;279.4037363;589.1083571;166.1901592;531.0207252;89.01276366;Bruta
22/6/2025;230.5784793;306.6220218;609.8647838;404.2094319;678.4495048;285.5737576;506.4609171;404.5109381;99.95782629;74.59110004;152.5734787;110.2255262;277.850667;592.6169287;183.9240071;542.6191976;89.61929028;Bruta
23/6/2025;216.237494;287.5695551;576.0026509;389.7046748;665.3946109;285.7878882;485.6170695;404.0850031;106.8471228;68.93256424;151.6785801;104.6239266;253.9964396;617.3432008;241.9025271;545.8658468;79.89896711;Bruta
24/6/2025;229.0577999;288.1608151;581.7820895;382.7474976;651.10318;313.5705264;489.6514884;393.1307392;112.2457965;74.96092253;157.7349523;99.12309305;257.963675;602.7457163;289.3097048;537.3937044;85.50240218;Bruta
25/6/2025;222.8873102;284.4972781;606.0041621;379.7855868;660.2361534;305.4350217;501.2954211;416.8762357;112.3055959;90.47554019;152.8347055;95.4589165;271.7040531;582.1229452;232.5516339;570.7754045;87.04210156;Bruta
26/6/2025;220.1633937;285.3800493;582.9676558;379.160192;650.1929348;255.8521265;488.689591;369.3726213;114.5753934;103.9476482;143.5370637;88.91097357;302.3597611;590.7591352;235.5239053;548.0159651;90.53020569;Bruta
27/6/2025;206.123763;295.4075216;616.4385123;397.5674159;658.8013455;287.784845;489.6714654;415.5073507;112.9938931;110.4357021;153.7377615;100.3544383;267.7452147;575.5917832;177.6802473;559.6162658;86.2478449;Bruta
28/6/2025;199.7978004;274.0241139;593.7933747;420.6805066;631.5383685;282.1307904;487.9981832;404.0410481;115.761815;104.2561332;156.8550528;107.6974982;249.2861077;607.5338826;281.9515241;527.8745244;85.58315171;Bruta
29/6/2025;151.0012784;283.2767744;560.006416;391.8057868;563.9145224;248.5814826;557.5614229;376.0390537;127.3870341;94.0760061;156.9895226;100.7270148;263.9092832;597.8108307;174.7494931;522.0333606;75.67595796;Bruta
30/6/2025;214.2926613;209.4945046;569.0261084;287.043241;471.4838839;209.9373758;205.1147226;256.9131061;149.1365783;101.0660749;166.3619723;107.6316731;258.160411;249.6387599;189.7068146;141.4260402;70.14091706;Bruta
1/7/2025;180.3195763;205.6958492;486.2322325;450.9722827;605.0409097;227.4624477;533.8557036;388.6424728;58.98804429;98.52256336;177.3243792;83.68989421;252.5688612;939.5217013;205.3371114;485.8966783;88.8506772;Bruta
2/7/2025;199.7249314;238.4493337;541.8200869;439.9353527;600.4880176;251.0546767;447.0262244;390.0992877;76.91155599;107.698343;161.5122774;93.96194167;269.5011672;530.65919;199.5405089;534.3038445;91.91030172;Bruta
3/7/2025;245.0653233;279.6384893;600.8210935;433.2644836;597.3583786;259.8709919;544.4268959;403.6067277;114.8225292;93.39455317;165.0136001;95.80569981;241.4711091;494.770841;202.61735;519.2892879;68.03490045;Bruta
4/7/2025;203.5359532;293.4337837;632.8129743;493.3767719;557.3974969;222.2529764;438.2443113;382.7120339;111.3066315;96.1854745;165.3536088;99.42298793;228.6733305;631.7768385;200.1361521;579.3698233;97.15377714;Bruta
5/7/2025;198.7884966;259.822543;565.525506;464.8633772;585.0333328;237.5420838;474.9004246;388.2641093;114.1559235;99.37630576;140.6807655;97.92226715;247.5369509;564.1226146;243.2581658;532.4757922;78.23449341;Bruta
6/7/2025;182.8503673;269.9490596;573.5738179;446.0309015;630.0875326;223.6346658;450.1870788;399.9574172;115.596109;95.56401748;169.0360811;96.02089522;232.6180305;571.9625801;133.5474238;541.2093951;82.77805228;Bruta
7/7/2025;243.2169715;259.9262916;565.349897;440.275683;624.8412363;239.2156504;453.1985903;392.2011512;100.9107716;77.53435891;164.46058;107.8771999;254.2675785;564.6981276;191.5391715;480.5916223;92.39058436;Bruta
8/7/2025;251.6324956;252.8068738;560.3085865;444.2598727;631.9595445;250.2953276;467.5417237;395.5931631;107.0878431;96.50423099;150.9579554;109.6961747;265.6669097;556.2387615;188.9213046;498.4453504;84.87223424;Bruta
9/7/2025;224.0998796;254.8667264;549.1311035;439.4954861;622.1259505;230.803418;438.1980315;398.5650914;116.8537438;90.27111055;163.3502368;107.7531052;258.4599188;455.1751996;152.4430378;541.4242443;81.30356021;Bruta
10/7/2025;222.2641091;243.2138133;554.7595975;408.6032983;629.5602251;257.1365341;441.712013;389.4697815;99.06177661;100.911572;166.2659964;112.8650209;281.5494465;455.918368;198.3342664;539.4437228;91.43203728;Bruta
11/7/2025;242.8369414;230.0661549;537.694938;416.3963938;627.0565022;264.0707229;441.7767777;372.1637659;122.0168445;100.198784;166.5006477;113.6799583;262.2372796;487.6997301;192.6421349;522.0317108;80.93013563;Bruta
12/7/2025;214.2366123;213.4661675;523.4999842;443.1466776;623.30008;264.8655323;452.7350401;390.9357903;132.6364968;100.5024792;155.0525959;115.2524532;296.5358196;490.2884954;163.5595227;523.2979672;105.0431608;Bruta
13/7/2025;238.5937993;238.5668158;532.3628661;417.7050507;623.2745159;238.447532;456.2247076;376.9630551;130.9821439;96.69988877;157.4472433;107.0202764;265.5792408;514.5743756;159.2314103;525.5175575;85.16661545;Bruta
14/7/2025;239.5618587;212.9327305;528.8515297;451.09032;659.188901;273.2284427;473.1744334;405.7378691;128.5233555;97.63420718;167.3174167;98.88713275;272.9502633;540.5057424;162.7335907;558.8875027;93.83627763;Bruta
15/7/2025;234.7171758;263.1215817;540.3158928;396.3925529;653.877164;257.6008018;466.1994966;382.8663737;122.8950876;97.16297563;152.8889849;108.7896461;279.6811196;461.9345827;159.9329489;542.0659596;83.31216998;Bruta
16/7/2025;224.3416933;253.9020146;515.6273324;483.9094476;622.6068778;272.488545;450.2326557;363.0088348;119.0967328;93.03691246;166.5525875;111.9388627;270.6049098;545.5466137;145.5621559;556.0584609;94.22625036;Bruta
17/7/2025;226.6360212;236.6850806;515.968392;434.8709194;603.4807012;226.1617402;456.0589754;374.144079;122.6884632;93.08160634;145.5427437;113.435087;264.8713575;502.8491495;162.8714964;531.6058016;86.60167814;Bruta
18/7/2025;224.8238911;258.3876226;514.8988015;432.1350362;606.5229544;217.5257471;426.2270149;371.9093095;114.6354451;94.30790554;172.5192562;104.4348761;247.4872926;541.3590918;148.1281944;528.7265627;79.65959261;Bruta
19/7/2025;219.2413542;260.5141903;515.3133118;432.3758201;626.4018838;201.9941097;450.1991815;367.0387258;110.5059844;93.39659776;144.191407;115.7670388;267.963917;551.4999231;165.7077332;543.7211446;92.38799647;Bruta
20/7/2025;211.6782074;229.1493553;495.8682754;422.8000742;592.0489815;208.3673081;441.4541394;361.2530123;106.5558779;88.50908882;154.8229753;104.573527;256.4563503;507.6294767;144.1141781;529.0438941;82.37270108;Bruta
21/7/2025;216.9118194;259.949123;601.9621517;441.2368129;640.2708043;221.517113;484.5923186;381.2175925;131.0932854;82.83606914;140.3128753;121.0032193;265.5671994;596.2986407;173.8245464;565.9983011;101.5664799;Bruta
22/7/2025;195.9998937;233.3425752;452.4555479;438.4534448;565.0687904;210.2814734;411.2657944;358.819729;128.9195766;82.50402747;161.6888542;112.7142204;253.6243158;516.1793276;159.610728;510.0931893;109.4998035;Bruta
23/7/2025;214.4709146;253.4853826;490.4132366;433.1422213;633.2537118;190.1463383;405.8986658;367.9151014;131.6308021;98.03207966;148.2113589;119.0505498;255.0240328;508.7206185;153.6797375;496.3110053;110.6813274;Bruta
24/7/2025;206.464285;261.2198774;516.8126951;442.390135;645.3966539;220.2972663;447.2272356;367.1217019;123.6831088;98.29931591;168.0779842;128.3153749;276.2915378;521.6292054;158.7668546;503.0988161;110.1075364;Bruta
25/7/2025;184.0029165;217.9482151;454.3070949;390.2638799;609.2235692;186.470388;390.1629214;362.1307744;108.29512;93.18118325;147.4036381;118.551456;265.3080896;498.8187891;149.8216613;456.5006049;95.1440504;Bruta
26/7/2025;194.4868748;226.3815821;530.3596758;407.0757378;615.4094075;194.1315015;395.447138;355.9827359;107.8904953;103.4970318;159.2128778;123.6159113;249.4180385;508.4849419;161.800991;473.2056648;104.8754809;Bruta
27/7/2025;204.2401538;239.3239259;567.5604437;440.9554887;628.2110629;205.7342919;405.1381179;350.9993245;109.7981031;96.02128052;147.4824859;134.6885544;262.1936545;529.2773317;158.3873994;464.4312528;108.7873193;Bruta
28/7/2025;205.1073389;273.1456031;516.0623736;430.1872043;623.2150819;209.3878505;400.0519666;367.6858777;109.5473882;82.05955012;151.9927688;117.3802511;238.2513622;569.3574323;164.7686701;435.479957;110.330964;Bruta
28/7/2025;205.1073389;273.1456031;516.0623736;430.1872043;623.2150819;209.3878505;400.0519666;367.6858777;109.5473882;82.05955012;151.9927688;117.3802511;19.25379781;238.2513622;569.3574323;164.7686701;435.479957;Bruta
